Method,Job,AnalyzeLaunchVariance,EvaluateOverhead,MaxAbsoluteError,MaxRelativeError,MinInvokeCount,MinIterationTime,OutlierMode,Affinity,EnvironmentVariables,Jit,LargeAddressAware,Platform,PowerPlanMode,Runtime,AllowVeryLargeObjects,Concurrent,CpuGroups,Force,HeapAffinitizeMask,HeapCount,NoAffinitize,RetainVm,Server,Arguments,BuildConfiguration,Clock,EngineFactory,NuGetReferences,Toolchain,IsMutator,InvocationCount,IterationCount,IterationTime,LaunchCount,MaxIterationCount,MaxWarmupIterationCount,MemoryRandomization,MinIterationCount,MinWarmupIterationCount,RunStrategy,UnrollFactor,WarmupCount,DataSize,Mean,Error,StdDev,P95,Rank,Gen0,Gen1,Gen2,Allocated
'StorageBlock zero-copy span access',ShortRun,False,Default,Default,Default,Default,Default,Default,1111111111111111,Empty,RyuJit,Default,X64,8c5e7fda-e8bf-4a96-9a85-a6e23a8c635c,.NET 8.0,False,True,False,True,Default,Default,False,False,False,Default,Default,Default,Default,Default,Default,Default,Default,10,Default,1,Default,Default,Default,Default,Default,Default,16,3,1024,27.69 ns,0.265 ns,0.176 ns,27.87 ns,1,0.0000,0.0000,0.0000,0 B
'ZeroCopyAccessor copy between blocks',ShortRun,False,Default,Default,Default,Default,Default,Default,1111111111111111,Empty,RyuJit,Default,X64,8c5e7fda-e8bf-4a96-9a85-a6e23a8c635c,.NET 8.0,False,True,False,True,Default,Default,False,False,False,Default,Default,Default,Default,Default,Default,Default,Default,10,Default,1,Default,Default,Default,Default,Default,Default,16,3,1024,95.31 ns,2.025 ns,1.205 ns,97.24 ns,3,0.0000,0.0000,0.0000,0 B
'Allocate storage block',ShortRun,False,Default,Default,Default,Default,Default,Default,1111111111111111,Empty,RyuJit,Default,X64,8c5e7fda-e8bf-4a96-9a85-a6e23a8c635c,.NET 8.0,False,True,False,True,Default,Default,False,False,False,Default,Default,Default,Default,Default,Default,Default,Default,10,Default,1,Default,Default,Default,Default,Default,Default,16,3,1024,363.10 ns,48.735 ns,29.001 ns,408.97 ns,5,0.1516,0.0005,0.0000,1272 B
'ZeroCopyAccessor reinterpret cast',ShortRun,False,Default,Default,Default,Default,Default,Default,1111111111111111,Empty,RyuJit,Default,X64,8c5e7fda-e8bf-4a96-9a85-a6e23a8c635c,.NET 8.0,False,True,False,True,Default,Default,False,False,False,Default,Default,Default,Default,Default,Default,Default,Default,10,Default,1,Default,Default,Default,Default,Default,Default,16,3,1024,152.52 ns,50.882 ns,33.656 ns,204.62 ns,4,0.1253,0.0005,0.0000,1048 B
'ZeroCopyAccessor pin and get memory',ShortRun,False,Default,Default,Default,Default,Default,Default,1111111111111111,Empty,RyuJit,Default,X64,8c5e7fda-e8bf-4a96-9a85-a6e23a8c635c,.NET 8.0,False,True,False,True,Default,Default,False,False,False,Default,Default,Default,Default,Default,Default,Default,Default,10,Default,1,Default,Default,Default,Default,Default,Default,16,3,1024,44.78 ns,2.039 ns,1.349 ns,46.63 ns,2,0.0000,0.0000,0.0000,0 B
'StorageBlock zero-copy span access',ShortRun,False,Default,Default,Default,Default,Default,Default,1111111111111111,Empty,RyuJit,Default,X64,8c5e7fda-e8bf-4a96-9a85-a6e23a8c635c,.NET 8.0,False,True,False,True,Default,Default,False,False,False,Default,Default,Default,Default,Default,Default,Default,Default,3,Default,1,Default,Default,Default,Default,Default,Default,16,1,1024,28.70 ns,4.750 ns,0.260 ns,28.91 ns,1,0.0000,0.0000,0.0000,0 B
'ZeroCopyAccessor copy between blocks',ShortRun,False,Default,Default,Default,Default,Default,Default,1111111111111111,Empty,RyuJit,Default,X64,8c5e7fda-e8bf-4a96-9a85-a6e23a8c635c,.NET 8.0,False,True,False,True,Default,Default,False,False,False,Default,Default,Default,Default,Default,Default,Default,Default,3,Default,1,Default,Default,Default,Default,Default,Default,16,1,1024,95.66 ns,56.122 ns,3.076 ns,98.50 ns,3,0.0000,0.0000,0.0000,0 B
'Allocate storage block',ShortRun,False,Default,Default,Default,Default,Default,Default,1111111111111111,Empty,RyuJit,Default,X64,8c5e7fda-e8bf-4a96-9a85-a6e23a8c635c,.NET 8.0,False,True,False,True,Default,Default,False,False,False,Default,Default,Default,Default,Default,Default,Default,Default,3,Default,1,Default,Default,Default,Default,Default,Default,16,1,1024,363.34 ns,400.780 ns,21.968 ns,384.78 ns,5,0.1516,0.0005,0.0000,1272 B
'ZeroCopyAccessor reinterpret cast',ShortRun,False,Default,Default,Default,Default,Default,Default,1111111111111111,Empty,RyuJit,Default,X64,8c5e7fda-e8bf-4a96-9a85-a6e23a8c635c,.NET 8.0,False,True,False,True,Default,Default,False,False,False,Default,Default,Default,Default,Default,Default,Default,Default,3,Default,1,Default,Default,Default,Default,Default,Default,16,1,1024,99.75 ns,167.540 ns,9.183 ns,107.78 ns,3,0.1253,0.0005,0.0000,1048 B
'ZeroCopyAccessor pin and get memory',ShortRun,False,Default,Default,Default,Default,Default,Default,1111111111111111,Empty,RyuJit,Default,X64,8c5e7fda-e8bf-4a96-9a85-a6e23a8c635c,.NET 8.0,False,True,False,True,Default,Default,False,False,False,Default,Default,Default,Default,Default,Default,Default,Default,3,Default,1,Default,Default,Default,Default,Default,Default,16,1,1024,42.80 ns,7.170 ns,0.393 ns,43.06 ns,2,0.0000,0.0000,0.0000,0 B
'StorageBlock zero-copy span access',ShortRun,False,Default,Default,Default,Default,Default,Default,1111111111111111,Empty,RyuJit,Default,X64,8c5e7fda-e8bf-4a96-9a85-a6e23a8c635c,.NET 8.0,False,True,False,True,Default,Default,False,False,False,Default,Default,Default,Default,Default,Default,Default,Default,10,Default,1,Default,Default,Default,Default,Default,Default,16,3,65536,27.87 ns,0.385 ns,0.229 ns,28.25 ns,1,0.0000,0.0000,0.0000,0 B
'ZeroCopyAccessor copy between blocks',ShortRun,False,Default,Default,Default,Default,Default,Default,1111111111111111,Empty,RyuJit,Default,X64,8c5e7fda-e8bf-4a96-9a85-a6e23a8c635c,.NET 8.0,False,True,False,True,Default,Default,False,False,False,Default,Default,Default,Default,Default,Default,Default,Default,10,Default,1,Default,Default,Default,Default,Default,Default,16,3,65536,"1,262.92 ns",18.128 ns,11.991 ns,"1,279.51 ns",6,0.0000,0.0000,0.0000,0 B
'Allocate storage block',ShortRun,False,Default,Default,Default,Default,Default,Default,1111111111111111,Empty,RyuJit,Default,X64,8c5e7fda-e8bf-4a96-9a85-a6e23a8c635c,.NET 8.0,False,True,False,True,Default,Default,False,False,False,Default,Default,Default,Default,Default,Default,Default,Default,10,Default,1,Default,Default,Default,Default,Default,Default,16,3,65536,"2,968.44 ns",848.464 ns,561.207 ns,"3,497.08 ns",7,7.8106,0.0019,0.0000,65784 B
'ZeroCopyAccessor reinterpret cast',ShortRun,False,Default,Default,Default,Default,Default,Default,1111111111111111,Empty,RyuJit,Default,X64,8c5e7fda-e8bf-4a96-9a85-a6e23a8c635c,.NET 8.0,False,True,False,True,Default,Default,False,False,False,Default,Default,Default,Default,Default,Default,Default,Default,10,Default,1,Default,Default,Default,Default,Default,Default,16,3,65536,"5,236.19 ns","1,870.585 ns","1,113.155 ns","6,629.48 ns",9,7.8125,1.9455,0.0000,65560 B
'ZeroCopyAccessor pin and get memory',ShortRun,False,Default,Default,Default,Default,Default,Default,1111111111111111,Empty,RyuJit,Default,X64,8c5e7fda-e8bf-4a96-9a85-a6e23a8c635c,.NET 8.0,False,True,False,True,Default,Default,False,False,False,Default,Default,Default,Default,Default,Default,Default,Default,10,Default,1,Default,Default,Default,Default,Default,Default,16,3,65536,44.79 ns,2.205 ns,1.458 ns,46.93 ns,2,0.0000,0.0000,0.0000,0 B
'StorageBlock zero-copy span access',ShortRun,False,Default,Default,Default,Default,Default,Default,1111111111111111,Empty,RyuJit,Default,X64,8c5e7fda-e8bf-4a96-9a85-a6e23a8c635c,.NET 8.0,False,True,False,True,Default,Default,False,False,False,Default,Default,Default,Default,Default,Default,Default,Default,3,Default,1,Default,Default,Default,Default,Default,Default,16,1,65536,28.59 ns,1.704 ns,0.093 ns,28.68 ns,1,0.0000,0.0000,0.0000,0 B
'ZeroCopyAccessor copy between blocks',ShortRun,False,Default,Default,Default,Default,Default,Default,1111111111111111,Empty,RyuJit,Default,X64,8c5e7fda-e8bf-4a96-9a85-a6e23a8c635c,.NET 8.0,False,True,False,True,Default,Default,False,False,False,Default,Default,Default,Default,Default,Default,Default,Default,3,Default,1,Default,Default,Default,Default,Default,Default,16,1,65536,"1,327.65 ns",304.284 ns,16.679 ns,"1,337.48 ns",6,0.0000,0.0000,0.0000,0 B
'Allocate storage block',ShortRun,False,Default,Default,Default,Default,Default,Default,1111111111111111,Empty,RyuJit,Default,X64,8c5e7fda-e8bf-4a96-9a85-a6e23a8c635c,.NET 8.0,False,True,False,True,Default,Default,False,False,False,Default,Default,Default,Default,Default,Default,Default,Default,3,Default,1,Default,Default,Default,Default,Default,Default,16,1,65536,"6,133.57 ns","4,899.553 ns",268.561 ns,"6,338.21 ns",9,7.8049,0.0000,0.0000,65784 B
'ZeroCopyAccessor reinterpret cast',ShortRun,False,Default,Default,Default,Default,Default,Default,1111111111111111,Empty,RyuJit,Default,X64,8c5e7fda-e8bf-4a96-9a85-a6e23a8c635c,.NET 8.0,False,True,False,True,Default,Default,False,False,False,Default,Default,Default,Default,Default,Default,Default,Default,3,Default,1,Default,Default,Default,Default,Default,Default,16,1,65536,"4,284.38 ns","10,869.394 ns",595.788 ns,"4,870.50 ns",8,7.8125,1.9455,0.0000,65560 B
'ZeroCopyAccessor pin and get memory',ShortRun,False,Default,Default,Default,Default,Default,Default,1111111111111111,Empty,RyuJit,Default,X64,8c5e7fda-e8bf-4a96-9a85-a6e23a8c635c,.NET 8.0,False,True,False,True,Default,Default,False,False,False,Default,Default,Default,Default,Default,Default,Default,Default,3,Default,1,Default,Default,Default,Default,Default,Default,16,1,65536,42.81 ns,28.988 ns,1.589 ns,44.38 ns,2,0.0000,0.0000,0.0000,0 B
'StorageBlock zero-copy span access',ShortRun,False,Default,Default,Default,Default,Default,Default,1111111111111111,Empty,RyuJit,Default,X64,8c5e7fda-e8bf-4a96-9a85-a6e23a8c635c,.NET 8.0,False,True,False,True,Default,Default,False,False,False,Default,Default,Default,Default,Default,Default,Default,Default,10,Default,1,Default,Default,Default,Default,Default,Default,16,3,1048576,28.27 ns,0.479 ns,0.317 ns,28.68 ns,1,0.0000,0.0000,0.0000,0 B
'ZeroCopyAccessor copy between blocks',ShortRun,False,Default,Default,Default,Default,Default,Default,1111111111111111,Empty,RyuJit,Default,X64,8c5e7fda-e8bf-4a96-9a85-a6e23a8c635c,.NET 8.0,False,True,False,True,Default,Default,False,False,False,Default,Default,Default,Default,Default,Default,Default,Default,10,Default,1,Default,Default,Default,Default,Default,Default,16,3,1048576,"28,248.02 ns","1,354.005 ns",805.747 ns,"29,284.37 ns",10,0.0000,0.0000,0.0000,0 B
'Allocate storage block',ShortRun,False,Default,Default,Default,Default,Default,Default,1111111111111111,Empty,RyuJit,Default,X64,8c5e7fda-e8bf-4a96-9a85-a6e23a8c635c,.NET 8.0,False,True,False,True,Default,Default,False,False,False,Default,Default,Default,Default,Default,Default,Default,Default,10,Default,1,Default,Default,Default,Default,Default,Default,16,3,1048576,"32,563.24 ns","2,926.300 ns","1,935.566 ns","35,261.67 ns",10,113.9526,113.7085,113.7085,1049523 B
'ZeroCopyAccessor reinterpret cast',ShortRun,False,Default,Default,Default,Default,Default,Default,1111111111111111,Empty,RyuJit,Default,X64,8c5e7fda-e8bf-4a96-9a85-a6e23a8c635c,.NET 8.0,False,True,False,True,Default,Default,False,False,False,Default,Default,Default,Default,Default,Default,Default,Default,10,Default,1,Default,Default,Default,Default,Default,Default,16,3,1048576,"176,990.88 ns","9,928.615 ns","6,567.164 ns","184,258.90 ns",12,152.5879,152.5879,152.5879,1048648 B
'ZeroCopyAccessor pin and get memory',ShortRun,False,Default,Default,Default,Default,Default,Default,1111111111111111,Empty,RyuJit,Default,X64,8c5e7fda-e8bf-4a96-9a85-a6e23a8c635c,.NET 8.0,False,True,False,True,Default,Default,False,False,False,Default,Default,Default,Default,Default,Default,Default,Default,10,Default,1,Default,Default,Default,Default,Default,Default,16,3,1048576,44.71 ns,3.028 ns,2.003 ns,47.65 ns,2,0.0000,0.0000,0.0000,0 B
'StorageBlock zero-copy span access',ShortRun,False,Default,Default,Default,Default,Default,Default,1111111111111111,Empty,RyuJit,Default,X64,8c5e7fda-e8bf-4a96-9a85-a6e23a8c635c,.NET 8.0,False,True,False,True,Default,Default,False,False,False,Default,Default,Default,Default,Default,Default,Default,Default,3,Default,1,Default,Default,Default,Default,Default,Default,16,1,1048576,28.06 ns,2.744 ns,0.150 ns,28.21 ns,1,0.0000,0.0000,0.0000,0 B
'ZeroCopyAccessor copy between blocks',ShortRun,False,Default,Default,Default,Default,Default,Default,1111111111111111,Empty,RyuJit,Default,X64,8c5e7fda-e8bf-4a96-9a85-a6e23a8c635c,.NET 8.0,False,True,False,True,Default,Default,False,False,False,Default,Default,Default,Default,Default,Default,Default,Default,3,Default,1,Default,Default,Default,Default,Default,Default,16,1,1048576,"53,330.07 ns","20,058.280 ns","1,099.462 ns","54,103.20 ns",11,0.0000,0.0000,0.0000,0 B
'Allocate storage block',ShortRun,False,Default,Default,Default,Default,Default,Default,1111111111111111,Empty,RyuJit,Default,X64,8c5e7fda-e8bf-4a96-9a85-a6e23a8c635c,.NET 8.0,False,True,False,True,Default,Default,False,False,False,Default,Default,Default,Default,Default,Default,Default,Default,3,Default,1,Default,Default,Default,Default,Default,Default,16,1,1048576,"36,148.14 ns","55,651.739 ns","3,050.460 ns","38,837.93 ns",10,111.0840,110.8398,110.8398,1049469 B
'ZeroCopyAccessor reinterpret cast',ShortRun,False,Default,Default,Default,Default,Default,Default,1111111111111111,Empty,RyuJit,Default,X64,8c5e7fda-e8bf-4a96-9a85-a6e23a8c635c,.NET 8.0,False,True,False,True,Default,Default,False,False,False,Default,Default,Default,Default,Default,Default,Default,Default,3,Default,1,Default,Default,Default,Default,Default,Default,16,1,1048576,"224,164.05 ns","320,739.742 ns","17,580.828 ns","241,135.03 ns",12,135.7422,135.7422,135.7422,1048642 B
'ZeroCopyAccessor pin and get memory',ShortRun,False,Default,Default,Default,Default,Default,Default,1111111111111111,Empty,RyuJit,Default,X64,8c5e7fda-e8bf-4a96-9a85-a6e23a8c635c,.NET 8.0,False,True,False,True,Default,Default,False,False,False,Default,Default,Default,Default,Default,Default,Default,Default,3,Default,1,Default,Default,Default,Default,Default,Default,16,1,1048576,46.66 ns,16.645 ns,0.912 ns,47.46 ns,2,0.0000,0.0000,0.0000,0 B
